Effective Date,Anticipated End Date,End Date,start,end,Location
8/24/2014,10/16/2014,10/16/2014,155,208,"Lokolia - Congo, The Democratic Republic Of The"
9/5/2014,10/31/2014,10/31/2014,167,223,"Lokolia - Congo, The Democratic Republic Of The"
9/8/2014,11/15/2014,11/15/2014,170,238,"Boende - Congo, The Democratic Republic Of The"
9/9/2014,9/27/2014,10/20/2014,171,189,"Lokolia - Congo, The Democratic Republic Of The"
9/14/2014,11/7/2014,11/7/2014,176,230,"Boende - Congo, The Democratic Republic Of The"
9/15/2014,11/5/2014,11/5/2014,177,228,"Lokolia - Congo, The Democratic Republic Of The"
9/15/2014,10/29/2014,10/29/2014,177,221,"Lokolia - Congo, The Democratic Republic Of The"
9/16/2014,11/27/2014,12/1/2014,178,250,"Lokolia - Congo, The Democratic Republic Of The"
9/16/2014,11/27/2014,11/27/2014,178,250,"Boende - Congo, The Democratic Republic Of The"
9/18/2014,10/7/2014,10/7/2014,180,199,"Lokolia - Congo, The Democratic Republic Of The"
11/3/2014,11/30/2014,11/30/2014,226,253,"Kinshasa - Congo, The Democratic Republic Of The"
3/18/2014,3/31/2014,3/31/2014,0,9,Macenta - Guinea
3/18/2014,4/25/2014,4/7/2014,0,34,Gueckedou - Guinea
3/20/2014,4/4/2014,4/4/2014,0,13,Gueckedou - Guinea
3/20/2014,4/7/2014,4/7/2014,0,16,Gueckedou - Guinea
3/22/2014,4/10/2014,4/10/2014,0,19,Conakry - Guinea
3/22/2014,4/10/2014,4/10/2014,0,19,Conakry - Guinea
3/22/2014,4/10/2014,4/10/2014,0,19,Conakry - Guinea
3/22/2014,4/10/2014,4/10/2014,0,19,Conakry - Guinea
3/23/2014,5/6/2014,5/6/2014,1,45,Macenta - Guinea
3/23/2014,4/24/2014,4/24/2014,1,33,Macenta - Guinea
3/24/2014,4/14/2014,4/14/2014,2,23,Conakry - Guinea
3/24/2014,4/7/2014,4/7/2014,2,16,Conakry - Guinea
3/24/2014,4/7/2014,4/7/2014,2,16,Macenta - Guinea
3/25/2014,5/8/2014,5/8/2014,3,47,Conakry - Guinea
3/26/2014,5/21/2014,5/21/2014,4,60,Conakry - Guinea
3/26/2014,6/6/2014,6/6/2014,4,76,Conakry - Guinea
3/27/2014,4/27/2014,5/17/2014,5,36,Gueckedou - Guinea
3/27/2014,4/29/2014,4/29/2014,5,38,Macenta - Guinea
3/27/2014,5/19/2014,5/19/2014,5,58,Macenta - Guinea
3/29/2014,5/10/2014,5/10/2014,7,49,Conakry - Guinea
3/29/2014,4/29/2014,4/29/2014,7,38,Gueckedou - Guinea
3/29/2014,4/25/2014,4/25/2014,7,34,Gueckedou - Guinea
3/30/2014,5/25/2014,5/25/2014,8,64,Conakry - Guinea
3/30/2014,5/4/2014,5/4/2014,8,43,Gueckedou - Guinea
3/30/2014,5/30/2014,5/30/2014,8,69,Gueckedou - Guinea
3/30/2014,5/31/2014,4/15/2014,8,70,Gueckedou - Guinea
3/31/2014,4/30/2014,4/23/2014,9,39,Gueckedou - Guinea
3/31/2014,4/26/2014,4/26/2014,9,35,Conakry - Guinea
4/1/2014,4/12/2014,4/12/2014,10,21,Conakry - Guinea
4/1/2014,6/1/2014,5/19/2014,10,71,Macenta - Guinea
4/1/2014,4/20/2014,4/26/2014,10,29,Conakry - Guinea
4/1/2014,5/12/2014,5/12/2014,10,51,Conakry - Guinea
4/2/2014,5/11/2014,5/11/2014,11,50,Gueckedou - Guinea
4/3/2014,4/15/2014,4/15/2014,12,24,Conakry - Guinea
4/4/2014,5/4/2014,4/30/2014,13,43,Conakry - Guinea
4/4/2014,5/25/2014,5/25/2014,13,64,Gueckedou - Guinea
4/4/2014,5/25/2014,5/25/2014,13,64,Macenta - Guinea
4/4/2014,5/27/2014,5/27/2014,13,66,Macenta - Guinea
4/6/2014,6/6/2014,5/19/2014,15,76,Gueckedou - Guinea
4/7/2014,5/7/2014,5/7/2014,16,46,Gueckedou - Guinea
4/7/2014,6/7/2014,5/20/2014,16,77,Monrovia - Liberia
4/7/2014,6/7/2014,5/11/2014,16,77,Monrovia - Liberia
4/7/2014,4/26/2014,4/26/2014,16,35,Conakry - Guinea
4/7/2014,6/7/2014,4/7/2014,16,77,Monrovia - Liberia
4/8/2014,6/11/2014,6/11/2014,17,81,Conakry - Guinea
4/8/2014,6/8/2014,5/4/2014,17,78,Macenta - Guinea
4/9/2014,4/25/2014,4/25/2014,18,34,Conakry - Guinea
4/10/2014,4/30/2014,4/30/2014,19,39,Gueckedou - Guinea
4/10/2014,6/23/2014,6/22/2014,19,93,Conakry - Guinea
4/10/2014,5/30/2014,6/2/2014,19,69,Gueckedou - Guinea
4/10/2014,5/13/2014,5/13/2014,19,52,Conakry - Guinea
4/12/2014,4/29/2014,5/2/2014,21,38,Gueckedou - Guinea
4/13/2014,5/31/2014,5/31/2014,22,70,Gueckedou - Guinea
4/13/2014,4/24/2014,4/24/2014,22,33,Gueckedou - Guinea
4/14/2014,7/4/2014,7/4/2014,23,104,Conakry - Guinea
4/14/2014,5/7/2014,5/7/2014,23,46,Gueckedou - Guinea
4/15/2014,5/5/2014,5/5/2014,24,44,Conakry - Guinea
4/15/2014,7/14/2014,7/14/2014,24,114,Gueckedou - Guinea
4/15/2014,6/24/2014,6/24/2014,24,94,Macenta - Guinea
4/16/2014,5/14/2014,5/14/2014,25,53,Gueckedou - Guinea
4/17/2014,6/3/2014,6/3/2014,26,73,Gueckedou - Guinea
4/17/2014,5/17/2014,5/18/2014,26,56,Conakry - Guinea
4/17/2014,7/21/2014,7/21/2014,26,121,Macenta - Guinea
4/17/2014,6/16/2014,6/4/2014,26,86,Macenta - Guinea
4/17/2014,5/10/2014,5/9/2014,26,49,Conakry - Guinea
4/18/2014,6/5/2014,6/5/2014,27,75,Conakry - Guinea
4/20/2014,12/31/2014,12/31/2014,29,284,Conakry - Guinea
4/21/2014,6/15/2014,6/15/2014,30,85,Gueckedou - Guinea
4/22/2014,6/15/2014,6/15/2014,31,85,Gueckedou - Guinea
4/22/2014,5/13/2014,5/9/2014,31,52,Conakry - Guinea
4/22/2014,6/23/2014,4/30/2014,31,93,Conakry - Guinea
4/23/2014,5/27/2014,5/31/2014,32,66,Gueckedou - Guinea
4/23/2014,5/2/2014,5/3/2014,32,41,Gueckedou - Guinea
4/23/2014,6/23/2014,6/23/2014,32,93,Gueckedou - Guinea
4/23/2014,6/10/2014,6/10/2014,32,80,Conakry - Guinea
4/24/2014,6/23/2014,6/23/2014,33,93,Conakry - Guinea
4/24/2014,7/14/2014,7/14/2014,33,114,Conakry - Guinea
4/24/2014,7/7/2014,7/6/2014,33,107,Conakry - Guinea
4/25/2014,5/13/2014,5/13/2014,34,52,Conakry - Guinea
4/26/2014,6/18/2014,6/18/2014,35,88,Conakry - Guinea
4/30/2014,5/30/2014,5/26/2014,39,69,Gueckedou - Guinea
5/1/2014,6/10/2014,6/10/2014,40,80,Gueckedou - Guinea
5/1/2014,6/11/2014,6/11/2014,40,81,Conakry - Guinea
5/1/2014,6/30/2014,6/30/2014,40,100,Conakry - Guinea
5/1/2014,11/21/2014,11/21/2014,40,244,Conakry - Guinea
5/1/2014,6/11/2014,6/11/2014,40,81,Gueckedou - Guinea
5/4/2014,5/24/2014,5/17/2014,43,63,Gueckedou - Guinea
5/5/2014,7/5/2014,7/5/2014,44,105,Gueckedou - Guinea
5/7/2014,7/20/2014,7/20/2014,46,120,Conakry - Guinea
5/9/2014,7/28/2014,7/28/2014,48,128,Gueckedou - Guinea
5/12/2014,8/12/2014,7/20/2014,51,143,Gueckedou - Guinea
5/15/2014,6/30/2014,6/30/2014,54,100,Gueckedou - Guinea
5/18/2014,8/4/2014,8/4/2014,57,135,Gueckedou - Guinea
5/18/2014,7/29/2014,7/29/2014,57,129,Télimélé - Guinea
5/19/2014,7/24/2014,7/24/2014,58,124,Macenta - Guinea
5/19/2014,7/4/2014,7/4/2014,58,104,Gueckedou - Guinea
5/20/2014,7/9/2014,7/9/2014,59,109,Gueckedou - Guinea
5/24/2014,7/24/2014,7/24/2014,63,124,Conakry - Guinea
5/26/2014,7/26/2014,7/26/2014,65,126,Télimélé - Guinea
5/27/2014,9/11/2014,9/13/2014,66,173,Gueckedou - Guinea
5/27/2014,6/17/2014,6/17/2014,66,87,Gueckedou - Guinea
5/28/2014,7/10/2014,7/10/2014,67,110,Télimélé - Guinea
5/29/2014,6/14/2014,6/13/2014,68,84,Télimélé - Guinea
5/29/2014,8/9/2014,7/9/2014,68,140,Conakry - Guinea
5/30/2014,7/19/2014,7/19/2014,69,119,Télimélé - Guinea
5/31/2014,7/23/2014,6/30/2014,70,123,Gueckedou - Guinea
6/1/2014,7/21/2014,7/21/2014,71,121,Gueckedou - Guinea
6/1/2014,8/1/2014,6/11/2014,71,132,Gueckedou - Guinea
6/1/2014,6/15/2014,7/23/2014,71,85,Télimélé - Guinea
6/3/2014,8/1/2014,6/30/2014,73,132,Conakry - Guinea
6/3/2014,8/31/2014,8/31/2014,73,162,Gueckedou - Guinea
6/4/2014,7/4/2014,7/4/2014,74,104,Conakry - Guinea
6/12/2014,11/2/2014,11/2/2014,82,225,Conakry - Guinea
6/12/2014,6/27/2014,6/26/2014,82,97,Conakry - Guinea
6/12/2014,9/28/2014,9/28/2014,82,190,Télimélé - Guinea
6/12/2014,7/11/2014,7/11/2014,82,111,Conakry - Guinea
6/13/2014,7/3/2014,7/3/2014,83,103,Gueckedou - Guinea
6/17/2014,8/8/2014,8/8/2014,87,139,Gueckedou - Guinea
6/17/2014,7/15/2014,7/17/2014,87,115,Gueckedou - Guinea
6/17/2014,8/9/2014,8/9/2014,87,140,Télimélé - Guinea
6/19/2014,8/19/2014,8/19/2014,89,150,Conakry - Guinea
6/19/2014,8/22/2014,8/22/2014,89,153,Conakry - Guinea
6/22/2014,7/13/2014,7/14/2014,92,113,Macenta - Guinea
6/23/2014,8/20/2014,8/20/2014,93,151,Conakry - Guinea
6/23/2014,9/7/2014,9/7/2014,93,169,Gueckedou - Guinea
6/24/2014,9/13/2014,9/13/2014,94,175,Conakry - Guinea
6/24/2014,8/13/2014,8/13/2014,94,144,Conakry - Guinea
6/24/2014,1/7/2015,1/7/2015,94,291,Conakry - Guinea
6/25/2014,9/12/2014,9/12/2014,95,174,Gueckedou - Guinea
6/27/2014,8/23/2014,8/23/2014,97,154,Macenta - Guinea
6/29/2014,7/18/2014,7/18/2014,99,118,Conakry - Guinea
6/30/2014,9/15/2014,9/15/2014,100,177,Télimélé - Guinea
6/30/2014,7/30/2014,10/8/2014,100,130,Gueckedou - Guinea
7/1/2014,8/1/2014,7/14/2014,101,132,Conakry - Guinea
7/1/2014,7/1/2014,7/1/2014,101,101,Gueckedou - Guinea
7/4/2014,8/16/2014,8/16/2014,104,147,Gueckedou - Guinea
7/4/2014,9/4/2014,8/19/2014,104,166,Gueckedou - Guinea
7/6/2014,9/26/2014,9/26/2014,106,188,Gueckedou - Guinea
7/7/2014,8/24/2014,8/24/2014,107,155,Conakry - Guinea
7/7/2014,9/7/2014,7/27/2014,107,169,Gueckedou - Guinea
7/8/2014,9/8/2014,8/6/2014,108,170,Conakry - Guinea
7/8/2014,8/2/2014,8/4/2014,108,133,Conakry - Guinea
7/11/2014,8/28/2014,8/28/2014,111,159,Conakry - Guinea
7/11/2014,8/17/2014,8/17/2014,111,148,Gueckedou - Guinea
7/15/2014,8/1/2014,8/14/2014,115,132,Macenta - Guinea
7/15/2014,9/1/2014,9/17/2014,115,163,Conakry - Guinea
7/15/2014,9/15/2014,9/15/2014,115,177,Gueckedou - Guinea
7/21/2014,9/21/2014,9/12/2014,121,183,Gueckedou - Guinea
7/21/2014,10/10/2014,10/10/2014,121,202,Gueckedou - Guinea
7/27/2014,8/11/2014,8/26/2014,127,142,Conakry - Guinea
7/28/2014,9/26/2014,9/26/2014,128,188,Gueckedou - Guinea
8/1/2014,9/1/2014,10/30/2014,132,163,Conakry - Guinea
8/4/2014,8/25/2014,9/8/2014,135,156,Gueckedou - Guinea
8/4/2014,9/3/2014,9/21/2014,135,165,Conakry - Guinea
8/7/2014,9/22/2014,9/22/2014,138,184,Gueckedou - Guinea
8/8/2014,9/12/2014,9/12/2014,139,174,Foya - Liberia
8/10/2014,9/10/2014,9/30/2014,141,172,Gueckedou - Guinea
8/10/2014,9/10/2014,10/5/2014,141,172,Gueckedou - Guinea
8/10/2014,9/14/2014,9/29/2014,141,176,Gueckedou - Guinea
8/12/2014,9/18/2014,9/18/2014,143,180,DAKAR - Senegal
8/12/2014,11/25/2014,11/25/2014,143,248,Conakry - Guinea
8/13/2014,9/13/2014,9/14/2014,144,175,DAKAR - Senegal
8/14/2014,10/4/2014,10/4/2014,145,196,Foya - Liberia
8/15/2014,9/15/2014,9/16/2014,146,177,Gueckedou - Guinea
8/17/2014,10/1/2014,11/6/2014,148,193,Gueckedou - Guinea
8/18/2014,10/1/2014,10/26/2014,149,193,Gueckedou - Guinea
8/18/2014,11/18/2014,8/30/2014,149,241,Gueckedou - Guinea
8/19/2014,9/16/2014,9/25/2014,150,178,Gueckedou - Guinea
8/21/2014,10/1/2014,11/9/2014,152,193,Conakry - Guinea
8/21/2014,11/13/2014,11/13/2014,152,236,Conakry - Guinea
8/23/2014,12/7/2014,12/7/2014,154,260,Gueckedou - Guinea
8/27/2014,10/1/2014,10/19/2014,158,193,Gueckedou - Guinea
8/27/2014,10/27/2014,10/22/2014,158,219,Conakry - Guinea
8/28/2014,10/15/2014,10/15/2014,159,207,Conakry - Guinea
8/28/2014,11/21/2014,11/21/2014,159,244,Gueckedou - Guinea
8/28/2014,11/17/2014,11/17/2014,159,240,Gueckedou - Guinea
8/29/2014,11/3/2014,11/3/2014,160,226,Gueckedou - Guinea
8/31/2014,11/11/2014,11/11/2014,162,234,Gueckedou - Guinea
9/1/2014,9/30/2014,10/2/2014,163,192,Conakry - Guinea
9/1/2014,11/1/2014,11/16/2014,163,224,Conakry - Guinea
9/4/2014,11/13/2014,11/13/2014,166,236,Gueckedou - Guinea
9/4/2014,11/3/2014,11/3/2014,166,226,Gueckedou - Guinea
9/5/2014,10/2/2014,10/22/2014,167,194,Conakry - Guinea
9/5/2014,12/9/2014,12/9/2014,167,262,Conakry - Guinea
9/5/2014,9/21/2014,9/23/2014,167,183,Conakry - Guinea
9/8/2014,11/11/2014,11/11/2014,170,234,Gueckedou - Guinea
9/10/2014,10/17/2014,11/9/2014,172,209,Macenta - Guinea
9/10/2014,12/3/2014,12/3/2014,172,256,Conakry - Guinea
9/11/2014,10/17/2014,10/17/2014,173,209,DAKAR - Senegal
9/12/2014,10/17/2014,9/30/2014,174,209,DAKAR - Senegal
9/12/2014,11/17/2014,11/17/2014,174,240,Gueckedou - Guinea
9/13/2014,10/2/2014,10/2/2014,175,194,Gueckedou - Guinea
9/14/2014,10/20/2014,11/10/2014,176,212,Gueckedou - Guinea
9/15/2014,10/27/2014,11/7/2014,177,219,Macenta - Guinea
9/15/2014,10/27/2014,11/7/2014,177,219,Gueckedou - Guinea
9/15/2014,11/3/2014,11/3/2014,177,226,Gueckedou - Guinea
9/15/2014,11/1/2014,12/12/2014,177,224,Gueckedou - Guinea
9/15/2014,11/25/2014,11/25/2014,177,248,Macenta - Guinea
9/16/2014,11/27/2014,12/5/2014,178,250,Gueckedou - Guinea
9/21/2014,10/21/2014,10/21/2014,183,213,Conakry - Guinea
9/22/2014,11/7/2014,11/7/2014,184,230,Conakry - Guinea
9/23/2014,11/12/2014,11/12/2014,185,235,Gueckedou - Guinea
9/24/2014,12/17/2014,12/17/2014,186,270,Conakry - Guinea
9/24/2014,12/13/2014,12/13/2014,186,266,Macenta - Guinea
9/25/2014,11/13/2014,11/13/2014,187,236,Conakry - Guinea
9/27/2014,12/31/2014,12/31/2014,189,284,Conakry - Guinea
9/27/2014,11/25/2014,11/25/2014,189,248,Macenta - Guinea
9/28/2014,11/21/2014,11/21/2014,190,244,Conakry - Guinea
9/29/2014,12/8/2014,12/8/2014,191,261,Gueckedou - Guinea
9/29/2014,12/8/2014,12/8/2014,191,261,Gueckedou - Guinea
9/29/2014,11/30/2014,11/30/2014,191,253,Conakry - Guinea
10/1/2014,11/28/2014,11/28/2014,193,251,Gueckedou - Guinea
10/1/2014,11/16/2014,11/16/2014,193,239,Gueckedou - Guinea
10/2/2014,12/31/2014,12/31/2014,194,284,Conakry - Guinea
10/3/2014,11/30/2014,11/30/2014,195,253,Macenta - Guinea
10/4/2014,12/10/2014,12/10/2014,196,263,Conakry - Guinea
10/4/2014,11/3/2014,11/3/2014,196,226,Macenta - Guinea
10/6/2014,12/3/2014,12/3/2014,198,256,Macenta - Guinea
10/6/2014,12/2/2014,12/3/2014,198,255,Conakry - Guinea
10/7/2014,12/9/2014,12/9/2014,199,262,Macenta - Guinea
10/7/2014,10/31/2014,11/27/2014,199,223,Conakry - Guinea
10/8/2014,12/3/2014,12/3/2014,200,256,Gueckedou - Guinea
10/9/2014,11/30/2014,11/30/2014,201,253,Conakry - Guinea
10/13/2014,12/12/2014,12/12/2014,205,265,Gueckedou - Guinea
10/13/2014,12/13/2014,10/20/2014,205,266,Gueckedou - Guinea
10/13/2014,12/6/2014,12/6/2014,205,259,Gueckedou - Guinea
10/13/2014,12/31/2014,12/31/2014,205,284,Macenta - Guinea
10/14/2014,12/23/2014,12/23/2014,206,276,Macenta - Guinea
10/15/2014,1/5/2015,1/5/2015,207,289,Conakry - Guinea
10/15/2014,1/5/2015,1/5/2015,207,289,Gueckedou - Guinea
10/15/2014,11/26/2014,10/15/2014,207,249,Gueckedou - Guinea
10/16/2014,12/1/2014,12/1/2014,208,254,Gueckedou - Guinea
10/16/2014,11/27/2014,10/27/2014,208,250,Conakry - Guinea
10/19/2014,12/24/2014,12/24/2014,211,277,Conakry - Guinea
10/19/2014,1/16/2015,1/16/2015,211,300,Gueckedou - Guinea
10/20/2014,1/2/2015,1/2/2015,212,286,Gueckedou - Guinea
10/21/2014,12/21/2014,11/27/2014,213,274,Gueckedou - Guinea
10/21/2014,12/31/2014,12/31/2014,213,284,Macenta - Guinea
10/21/2014,2/1/2015,2/1/2015,213,316,Gueckedou - Guinea
10/21/2014,1/18/2015,1/18/2015,213,302,Conakry - Guinea
10/22/2014,12/24/2014,12/24/2014,214,277,Gueckedou - Guinea
10/22/2014,1/11/2015,1/11/2015,214,295,Macenta - Guinea
10/22/2014,12/26/2014,12/26/2014,214,279,Conakry - Guinea
10/22/2014,12/26/2014,12/26/2014,214,279,Gueckedou - Guinea
10/23/2014,12/4/2014,11/16/2014,215,257,Conakry - Guinea
10/23/2014,11/14/2014,11/16/2014,215,237,Conakry - Guinea
10/26/2014,12/26/2014,12/26/2014,218,279,Conakry - Guinea
10/27/2014,1/17/2015,1/17/2015,219,301,Conakry - Guinea
10/27/2014,1/14/2015,1/14/2015,219,298,Conakry - Guinea
10/28/2014,1/11/2015,1/11/2015,220,295,Conakry - Guinea
10/28/2014,12/17/2014,12/17/2014,220,270,Conakry - Guinea
10/29/2014,12/21/2014,12/21/2014,221,274,Macenta - Guinea
10/29/2014,12/21/2014,12/21/2014,221,274,Conakry - Guinea
10/31/2014,12/19/2014,12/19/2014,223,272,Conakry - Guinea
10/31/2014,11/29/2014,12/17/2014,223,252,Conakry - Guinea
11/1/2014,1/5/2015,12/31/2014,224,289,Conakry - Guinea
11/2/2014,12/14/2014,12/18/2014,225,267,Gueckedou - Guinea
11/2/2014,12/22/2014,12/22/2014,225,275,Gueckedou - Guinea
11/2/2014,1/5/2015,1/5/2015,225,289,Conakry - Guinea
11/2/2014,12/23/2014,12/23/2014,225,276,Conakry - Guinea
11/2/2014,12/29/2014,12/29/2014,225,282,Conakry - Guinea
11/2/2014,12/29/2014,12/29/2014,225,282,Conakry - Guinea
11/3/2014,1/22/2015,1/22/2015,226,306,Gueckedou - Guinea
11/3/2014,11/25/2014,11/25/2014,226,248,Macenta - Guinea
11/3/2014,12/21/2014,12/21/2014,226,274,Conakry - Guinea
11/3/2014,1/1/2015,1/1/2015,226,285,Macenta - Guinea
11/3/2014,1/11/2015,1/11/2015,226,295,Gueckedou - Guinea
11/3/2014,12/24/2014,12/24/2014,226,277,Gueckedou - Guinea
11/3/2014,1/4/2015,1/4/2015,226,288,Gueckedou - Guinea
11/3/2014,11/22/2014,11/23/2014,226,245,Conakry - Guinea
11/3/2014,12/31/2014,12/31/2014,226,284,Macenta - Guinea
11/4/2014,12/31/2014,12/31/2014,227,284,Conakry - Guinea
11/5/2014,12/31/2014,12/31/2014,228,284,Gueckedou - Guinea
11/5/2014,12/11/2014,12/31/2014,228,264,Gueckedou - Guinea
11/5/2014,2/1/2015,2/1/2015,228,316,Gueckedou - Guinea
11/6/2014,12/18/2014,12/14/2014,229,271,Macenta - Guinea
11/7/2014,1/5/2015,1/5/2015,230,289,Conakry - Guinea
11/10/2014,1/5/2015,1/5/2015,233,289,Macenta - Guinea
11/10/2014,1/11/2015,1/11/2015,233,295,Conakry - Guinea
11/10/2014,2/5/2015,2/5/2015,233,320,Conakry - Guinea
11/10/2014,11/30/2014,11/30/2014,233,253,Conakry - Guinea
11/11/2014,2/1/2015,2/1/2015,234,316,Conakry - Guinea
11/13/2014,12/20/2014,12/12/2014,236,273,Macenta - Guinea
11/13/2014,12/31/2014,12/29/2014,236,284,Conakry - Guinea
11/13/2014,12/28/2014,12/28/2014,236,281,Conakry - Guinea
11/13/2014,11/25/2014,11/27/2014,236,248,Gueckedou - Guinea
11/14/2014,1/5/2015,1/4/2015,237,289,Gueckedou - Guinea
11/15/2014,1/15/2015,1/18/2015,238,299,Conakry - Guinea
11/16/2014,12/31/2014,12/31/2014,239,284,Macenta - Guinea
11/17/2014,1/9/2015,1/9/2015,240,293,Gueckedou - Guinea
11/17/2014,1/11/2015,1/11/2015,240,295,Gueckedou - Guinea
11/17/2014,2/8/2015,2/8/2015,240,323,Gueckedou - Guinea
11/19/2014,1/18/2015,1/18/2015,242,302,Conakry - Guinea
11/20/2014,2/8/2015,2/8/2015,243,323,Conakry - Guinea
11/23/2014,1/18/2015,1/19/2015,246,302,Conakry - Guinea
11/24/2014,1/16/2015,1/16/2015,247,300,Gueckedou - Guinea
11/24/2014,1/26/2015,1/26/2015,247,310,Conakry - Guinea
11/24/2014,12/19/2014,12/20/2014,247,272,Conakry - Guinea
11/25/2014,1/18/2015,1/18/2015,248,302,Conakry - Guinea
11/26/2014,12/17/2014,12/17/2014,249,270,Conakry - Guinea
11/29/2014,1/10/2015,12/14/2014,252,294,Gueckedou - Guinea
11/30/2014,2/1/2015,2/1/2015,253,316,Gueckedou - Guinea
11/30/2014,1/29/2015,1/12/2015,253,313,Conakry - Guinea
12/1/2014,2/1/2015,2/1/2015,254,316,Gueckedou - Guinea
12/1/2014,12/29/2014,12/29/2014,254,282,Gueckedou - Guinea
12/1/2014,2/1/2015,2/1/2015,254,316,Conakry - Guinea
12/1/2014,12/18/2014,12/18/2014,254,271,Conakry - Guinea
12/1/2014,12/18/2014,12/19/2014,254,271,Conakry - Guinea
12/1/2014,2/22/2015,2/22/2015,254,337,Gueckedou - Guinea
12/2/2014,1/7/2015,1/7/2015,255,291,Conakry - Guinea
12/4/2014,2/26/2015,,257,341,Conakry - Guinea
12/4/2014,2/16/2015,2/16/2015,257,331,Gueckedou - Guinea
12/5/2014,1/21/2015,1/21/2015,258,305,Gueckedou - Guinea
12/5/2014,1/14/2015,1/14/2015,258,298,Gueckedou - Guinea
12/5/2014,1/18/2015,1/18/2015,258,302,Conakry - Guinea
12/8/2014,2/5/2015,2/5/2015,261,320,Conakry - Guinea
12/9/2014,2/9/2015,2/9/2015,262,324,Gueckedou - Guinea
12/10/2014,3/12/2015,,263,355,Conakry - Guinea
12/10/2014,2/15/2015,2/15/2015,263,330,Conakry - Guinea
12/11/2014,2/15/2015,3/8/2015,264,330,Conakry - Guinea
12/12/2014,3/9/2015,3/9/2015,265,352,Gueckedou - Guinea
12/12/2014,2/3/2015,2/3/2015,265,318,Gueckedou - Guinea
12/14/2014,1/5/2015,1/6/2015,267,289,Conakry - Guinea
12/14/2014,2/8/2015,2/4/2015,267,323,Conakry - Guinea
12/15/2014,3/9/2015,3/9/2015,268,352,Conakry - Guinea
12/15/2014,2/4/2015,2/4/2015,268,319,Gueckedou - Guinea
12/15/2014,2/8/2015,2/8/2015,268,323,Gueckedou - Guinea
12/15/2014,2/9/2015,2/9/2015,268,324,Gueckedou - Guinea
12/15/2014,2/12/2015,2/12/2015,268,327,Conakry - Guinea
12/16/2014,2/1/2015,2/1/2015,269,316,Conakry - Guinea
12/16/2014,3/1/2015,,269,344,Conakry - Guinea
12/16/2014,3/12/2015,3/12/2015,269,355,Gueckedou - Guinea
12/16/2014,2/9/2015,2/9/2015,269,324,Conakry - Guinea
12/18/2014,2/16/2015,2/16/2015,271,331,Conakry - Guinea
12/21/2014,3/2/2015,,274,345,Conakry - Guinea
12/22/2014,3/1/2015,,275,344,Conakry - Guinea
12/22/2014,3/9/2015,3/9/2015,275,352,Gueckedou - Guinea
12/23/2014,2/23/2015,,276,338,Conakry - Guinea
12/25/2014,3/1/2015,,278,344,Gueckedou - Guinea
12/26/2014,3/4/2015,,279,347,Conakry - Guinea
12/26/2014,3/1/2015,,279,344,Conakry - Guinea
12/26/2014,2/23/2015,2/23/2015,279,338,Conakry - Guinea
12/27/2014,3/9/2015,3/9/2015,280,352,Conakry - Guinea
12/29/2014,1/18/2015,1/19/2015,282,302,Conakry - Guinea
1/1/2015,7/1/2015,,285,466,Conakry - Guinea
1/1/2015,3/12/2015,3/12/2015,285,355,Conakry - Guinea
1/2/2015,2/24/2015,2/24/2015,286,339,Conakry - Guinea
1/2/2015,2/2/2015,2/4/2015,286,317,Gueckedou - Guinea
1/4/2015,3/4/2015,,288,347,Conakry - Guinea
1/4/2015,3/2/2015,3/2/2015,288,345,Conakry - Guinea
1/4/2015,3/4/2015,,288,347,Conakry - Guinea
1/4/2015,3/4/2015,,288,347,Gueckedou - Guinea
1/4/2015,3/1/2015,,288,344,Gueckedou - Guinea
1/5/2015,3/5/2015,3/5/2015,289,348,Gueckedou - Guinea
1/5/2015,3/5/2015,,289,348,Conakry - Guinea
1/5/2015,1/26/2015,1/29/2015,289,310,Conakry - Guinea
1/6/2015,3/6/2015,,290,349,Conakry - Guinea
1/7/2015,3/7/2015,,291,350,Gueckedou - Guinea
1/8/2015,3/7/2015,,292,350,Conakry - Guinea
1/9/2015,3/9/2015,,293,352,Gueckedou - Guinea
1/9/2015,3/12/2015,,293,355,Conakry - Guinea
1/11/2015,3/11/2015,,295,354,Conakry - Guinea
1/11/2015,3/11/2015,3/11/2015,295,354,Conakry - Guinea
1/11/2015,3/11/2015,,295,354,Gueckedou - Guinea
1/11/2015,3/11/2015,,295,354,Conakry - Guinea
1/12/2015,3/12/2015,,296,355,Gueckedou - Guinea
1/12/2015,3/12/2015,1/20/2015,296,355,Conakry - Guinea
1/12/2015,3/12/2015,,296,355,Gueckedou - Guinea
1/13/2015,3/13/2015,,297,356,Conakry - Guinea
1/13/2015,3/13/2015,,297,356,Gueckedou - Guinea
1/14/2015,1/28/2015,1/28/2015,298,312,Conakry - Guinea
1/14/2015,3/1/2015,,298,344,Conakry - Guinea
1/14/2015,3/1/2015,,298,344,Conakry - Guinea
1/14/2015,3/14/2015,,298,357,Conakry - Guinea
1/17/2015,3/17/2015,,301,360,Gueckedou - Guinea
1/18/2015,3/1/2015,,302,344,Gueckedou - Guinea
1/19/2015,3/19/2015,,303,362,Conakry - Guinea
1/19/2015,4/19/2015,,303,393,Conakry - Guinea
1/21/2015,2/19/2015,1/23/2015,305,334,Gueckedou - Guinea
1/21/2015,3/11/2015,,305,354,Conakry - Guinea
1/22/2015,3/10/2015,,306,353,Conakry - Guinea
1/22/2015,3/22/2015,,306,365,Gueckedou - Guinea
1/24/2015,2/18/2015,2/18/2015,308,333,Gueckedou - Guinea
1/26/2015,3/26/2015,,310,369,Gueckedou - Guinea
1/26/2015,3/26/2015,,310,369,Conakry - Guinea
1/26/2015,3/20/2015,,310,363,Conakry - Guinea
1/26/2015,3/19/2015,,310,362,Conakry - Guinea
1/27/2015,3/1/2015,,311,344,Conakry - Guinea
1/29/2015,3/29/2015,,313,372,Conakry - Guinea
1/29/2015,3/29/2015,,313,372,Conakry - Guinea
1/30/2015,2/18/2015,,314,333,Conakry - Guinea
1/30/2015,3/1/2015,3/1/2015,314,344,Conakry - Guinea
1/30/2015,3/30/2015,,314,373,Conakry - Guinea
2/1/2015,4/1/2015,,316,375,Conakry - Guinea
2/1/2015,4/1/2015,,316,375,Conakry - Guinea
2/1/2015,5/18/2015,,316,422,Gueckedou - Guinea
2/3/2015,3/22/2015,,318,365,Gueckedou - Guinea
2/3/2015,4/1/2015,,318,375,Conakry - Guinea
2/5/2015,4/5/2015,,320,379,Conakry - Guinea
2/7/2015,3/14/2015,,322,357,Conakry - Guinea
2/8/2015,4/8/2015,,323,382,Conakry - Guinea
2/8/2015,3/18/2015,,323,361,Gueckedou - Guinea
2/8/2015,3/8/2015,,323,351,Conakry - Guinea
2/10/2015,4/10/2015,,325,384,Conakry - Guinea
2/11/2015,4/5/2015,,326,379,Gueckedou - Guinea
2/13/2015,5/12/2015,,328,416,Conakry - Guinea
2/13/2015,4/14/2015,,328,388,Gueckedou - Guinea
2/15/2015,4/15/2015,,330,389,Conakry - Guinea
2/16/2015,5/16/2015,,331,420,Gueckedou - Guinea
2/16/2015,4/16/2015,,331,390,Conakry - Guinea
2/17/2015,3/31/2015,,332,374,Conakry - Guinea
2/18/2015,3/2/2015,,333,345,Conakry - Guinea
2/18/2015,4/18/2015,,333,392,Conakry - Guinea
2/20/2015,3/4/2015,,335,347,Conakry - Guinea
2/21/2015,4/21/2015,,336,395,Conakry - Guinea
2/21/2015,4/21/2015,,336,395,Gueckedou - Guinea
2/22/2015,3/11/2015,,337,354,Conakry - Guinea
2/22/2015,4/22/2015,,337,396,Conakry - Guinea
2/22/2015,4/22/2015,,337,396,Conakry - Guinea
2/23/2015,5/23/2015,,338,427,Gueckedou - Guinea
2/23/2015,4/23/2015,,338,397,Gueckedou - Guinea
2/24/2015,5/24/2015,,339,428,Conakry - Guinea
2/24/2015,4/24/2015,,339,398,Conakry - Guinea
2/25/2015,4/25/2015,,340,399,Gueckedou - Guinea
6/27/2014,8/29/2014,8/29/2014,97,160,Monrovia - Liberia
6/29/2014,8/19/2014,8/24/2014,99,150,Monrovia - Liberia
7/1/2014,8/21/2014,8/21/2014,101,152,Monrovia - Liberia
7/1/2014,8/18/2014,8/18/2014,101,149,Monrovia - Liberia
7/7/2014,8/15/2014,8/15/2014,107,146,Monrovia - Liberia
7/7/2014,9/7/2014,7/27/2014,107,169,Monrovia - Liberia
7/9/2014,9/1/2014,9/2/2014,109,163,Monrovia - Liberia
7/14/2014,7/28/2014,7/28/2014,114,128,Monrovia - Liberia
7/25/2014,8/12/2014,8/12/2014,125,143,Monrovia - Liberia
7/26/2014,9/22/2014,9/22/2014,126,184,Monrovia - Liberia
7/27/2014,9/5/2014,9/3/2014,127,167,Monrovia - Liberia
7/29/2014,9/29/2014,8/28/2014,129,191,Monrovia - Liberia
8/1/2014,8/22/2014,9/28/2014,132,153,Monrovia - Liberia
8/4/2014,10/6/2014,10/6/2014,135,198,Foya - Liberia
8/4/2014,9/4/2014,10/6/2014,135,166,Monrovia - Liberia
8/6/2014,8/13/2014,8/13/2014,137,144,Monrovia - Liberia
8/7/2014,9/25/2014,9/25/2014,138,187,Monrovia - Liberia
8/8/2014,8/16/2014,8/29/2014,139,147,Monrovia - Liberia
8/8/2014,9/25/2014,9/25/2014,139,187,Monrovia - Liberia
8/11/2014,9/18/2014,9/18/2014,142,180,Monrovia - Liberia
8/12/2014,10/28/2014,10/28/2014,143,220,Monrovia - Liberia
8/13/2014,9/11/2014,8/28/2014,144,173,Monrovia - Liberia
8/13/2014,9/20/2014,9/22/2014,144,182,Monrovia - Liberia
8/13/2014,8/27/2014,8/28/2014,144,158,Monrovia - Liberia
8/13/2014,10/3/2014,10/3/2014,144,195,Monrovia - Liberia
8/13/2014,9/11/2014,9/20/2014,144,173,Monrovia - Liberia
8/13/2014,10/3/2014,10/3/2014,144,195,Monrovia - Liberia
8/15/2014,8/29/2014,8/31/2014,146,160,Monrovia - Liberia
8/18/2014,10/13/2014,10/13/2014,149,205,Monrovia - Liberia
8/18/2014,10/13/2014,10/13/2014,149,205,Monrovia - Liberia
8/18/2014,10/18/2014,11/10/2014,149,210,Monrovia - Liberia
8/18/2014,9/17/2014,10/10/2014,149,179,Monrovia - Liberia
8/18/2014,10/6/2014,10/6/2014,149,198,Monrovia - Liberia
8/18/2014,10/10/2014,10/10/2014,149,202,Monrovia - Liberia
8/18/2014,10/3/2014,10/3/2014,149,195,Monrovia - Liberia
8/18/2014,9/22/2014,9/22/2014,149,184,Monrovia - Liberia
8/20/2014,10/3/2014,10/3/2014,151,195,Monrovia - Liberia
8/20/2014,10/19/2014,10/13/2014,151,211,Monrovia - Liberia
8/21/2014,10/21/2014,10/21/2014,152,213,Monrovia - Liberia
8/22/2014,10/22/2014,9/20/2014,153,214,Monrovia - Liberia
8/22/2014,9/13/2014,9/13/2014,153,175,Monrovia - Liberia
8/25/2014,9/14/2014,9/14/2014,156,176,Monrovia - Liberia
8/25/2014,10/1/2014,10/19/2014,156,193,Monrovia - Liberia
8/25/2014,9/16/2014,9/16/2014,156,178,Monrovia - Liberia
8/25/2014,10/10/2014,10/10/2014,156,202,Monrovia - Liberia
8/25/2014,11/7/2014,11/7/2014,156,230,Monrovia - Liberia
8/25/2014,10/4/2014,10/25/2014,156,196,Monrovia - Liberia
8/25/2014,10/25/2014,10/28/2014,156,217,Monrovia - Liberia
8/25/2014,12/1/2014,12/5/2014,156,254,Monrovia - Liberia
8/26/2014,11/28/2014,11/28/2014,157,251,Monrovia - Liberia
8/26/2014,10/7/2014,10/7/2014,157,199,Monrovia - Liberia
8/26/2014,9/23/2014,9/27/2014,157,185,Monrovia - Liberia
8/27/2014,10/27/2014,11/15/2014,158,219,Monrovia - Liberia
8/27/2014,11/2/2014,11/2/2014,158,225,Monrovia - Liberia
8/27/2014,11/16/2014,11/16/2014,158,239,Monrovia - Liberia
8/28/2014,9/20/2014,9/30/2014,159,182,Monrovia - Liberia
8/28/2014,10/1/2014,10/26/2014,159,193,Monrovia - Liberia
8/28/2014,11/4/2014,11/4/2014,159,227,Monrovia - Liberia
8/28/2014,9/19/2014,9/19/2014,159,181,Monrovia - Liberia
8/29/2014,11/5/2014,11/5/2014,160,228,Monrovia - Liberia
8/29/2014,10/5/2014,10/27/2014,160,197,Monrovia - Liberia
8/30/2014,10/30/2014,9/24/2014,161,222,Monrovia - Liberia
9/1/2014,11/15/2014,11/15/2014,163,238,Monrovia - Liberia
9/1/2014,11/1/2014,10/12/2014,163,224,Monrovia - Liberia
9/1/2014,10/31/2014,11/17/2014,163,223,Monrovia - Liberia
9/1/2014,10/6/2014,10/25/2014,163,198,Monrovia - Liberia
9/1/2014,11/1/2014,11/17/2014,163,224,Monrovia - Liberia
9/1/2014,10/2/2014,9/22/2014,163,194,Monrovia - Liberia
9/2/2014,10/24/2014,10/24/2014,164,216,Monrovia - Liberia
9/2/2014,10/24/2014,10/24/2014,164,216,Monrovia - Liberia
9/2/2014,11/1/2014,11/1/2014,164,224,Monrovia - Liberia
9/2/2014,10/1/2014,10/20/2014,164,193,Monrovia - Liberia
9/3/2014,10/3/2014,10/4/2014,165,195,Monrovia - Liberia
9/3/2014,9/3/2014,9/3/2014,165,165,Monrovia - Liberia
9/5/2014,11/8/2014,12/12/2014,167,231,Monrovia - Liberia
9/6/2014,10/4/2014,10/17/2014,168,196,Monrovia - Liberia
9/8/2014,11/4/2014,10/13/2014,170,227,Monrovia - Liberia
9/8/2014,10/14/2014,10/14/2014,170,206,Monrovia - Liberia
9/8/2014,11/8/2014,11/8/2014,170,231,Monrovia - Liberia
9/8/2014,10/8/2014,10/27/2014,170,200,Monrovia - Liberia
9/9/2014,10/20/2014,10/20/2014,171,212,Monrovia - Liberia
9/10/2014,10/5/2014,10/25/2014,172,197,Monrovia - Liberia
9/10/2014,11/13/2014,12/10/2014,172,236,Monrovia - Liberia
9/12/2014,10/27/2014,11/16/2014,174,219,Monrovia - Liberia
9/13/2014,9/29/2014,9/30/2014,175,191,Monrovia - Liberia
9/14/2014,11/13/2014,11/13/2014,176,236,Monrovia - Liberia
9/14/2014,11/3/2014,11/3/2014,176,226,Monrovia - Liberia
9/15/2014,11/15/2014,11/15/2014,177,238,Monrovia - Liberia
9/15/2014,10/9/2014,10/27/2014,177,201,Monrovia - Liberia
9/15/2014,10/20/2014,11/7/2014,177,212,Monrovia - Liberia
9/15/2014,9/26/2014,9/26/2014,177,188,Monrovia - Liberia
9/16/2014,10/21/2014,11/15/2014,178,213,Monrovia - Liberia
9/17/2014,10/21/2014,11/10/2014,179,213,Monrovia - Liberia
9/17/2014,9/29/2014,9/30/2014,179,191,Monrovia - Liberia
9/17/2014,11/3/2014,11/3/2014,179,226,Monrovia - Liberia
9/20/2014,10/20/2014,11/3/2014,182,212,Monrovia - Liberia
9/21/2014,11/3/2014,11/3/2014,183,226,Monrovia - Liberia
9/21/2014,11/15/2014,11/15/2014,183,238,Monrovia - Liberia
9/22/2014,11/3/2014,12/6/2014,184,226,Monrovia - Liberia
9/22/2014,11/21/2014,11/21/2014,184,244,Monrovia - Liberia
9/22/2014,10/27/2014,11/16/2014,184,219,Monrovia - Liberia
9/22/2014,10/22/2014,10/20/2014,184,214,Monrovia - Liberia
9/23/2014,11/2/2014,12/6/2014,185,225,Monrovia - Liberia
9/24/2014,10/16/2014,10/16/2014,186,208,Monrovia - Liberia
9/24/2014,10/28/2014,10/28/2014,186,220,Monrovia - Liberia
9/24/2014,10/15/2014,10/18/2014,186,207,Monrovia - Liberia
9/25/2014,11/4/2014,12/11/2014,187,227,Monrovia - Liberia
9/25/2014,10/27/2014,11/16/2014,187,219,Monrovia - Liberia
9/25/2014,11/3/2014,11/21/2014,187,226,Monrovia - Liberia
9/26/2014,11/22/2014,11/22/2014,188,245,Monrovia - Liberia
9/26/2014,11/21/2014,11/21/2014,188,244,Monrovia - Liberia
9/26/2014,10/25/2014,11/15/2014,188,217,Monrovia - Liberia
9/26/2014,11/3/2014,11/28/2014,188,226,Monrovia - Liberia
9/27/2014,11/27/2014,11/9/2014,189,250,Monrovia - Liberia
9/28/2014,11/9/2014,11/30/2014,190,232,Monrovia - Liberia
9/29/2014,11/10/2014,12/6/2014,191,233,Monrovia - Liberia
9/29/2014,11/3/2014,11/28/2014,191,226,Monrovia - Liberia
9/29/2014,12/5/2014,12/5/2014,191,258,Monrovia - Liberia
9/29/2014,12/22/2014,12/22/2014,191,275,Monrovia - Liberia
9/30/2014,11/21/2014,11/21/2014,192,244,Monrovia - Liberia
10/1/2014,10/17/2014,10/18/2014,193,209,Monrovia - Liberia
10/1/2014,11/3/2014,12/12/2014,193,226,Monrovia - Liberia
10/1/2014,11/1/2014,11/21/2014,193,224,Monrovia - Liberia
10/3/2014,11/17/2014,12/15/2014,195,240,Monrovia - Liberia
10/3/2014,11/10/2014,10/7/2014,195,233,Monrovia - Liberia
10/3/2014,11/12/2014,10/11/2014,195,235,Monrovia - Liberia
10/5/2014,11/16/2014,11/16/2014,197,239,Monrovia - Liberia
10/5/2014,11/12/2014,12/6/2014,197,235,Monrovia - Liberia
10/5/2014,12/11/2014,12/26/2014,197,264,Monrovia - Liberia
10/7/2014,11/16/2014,12/8/2014,199,239,Monrovia - Liberia
10/8/2014,10/31/2014,11/3/2014,200,223,Monrovia - Liberia
10/10/2014,12/6/2014,12/6/2014,202,259,Monrovia - Liberia
10/11/2014,11/3/2014,11/9/2014,203,226,Monrovia - Liberia
10/12/2014,11/14/2014,11/18/2014,204,237,Monrovia - Liberia
10/12/2014,11/15/2014,11/16/2014,204,238,Monrovia - Liberia
10/12/2014,11/29/2014,12/7/2014,204,252,Monrovia - Liberia
10/13/2014,11/5/2014,11/1/2014,205,228,Monrovia - Liberia
10/13/2014,11/24/2014,11/17/2014,205,247,Monrovia - Liberia
10/13/2014,11/4/2014,11/8/2014,205,227,Monrovia - Liberia
10/14/2014,11/5/2014,11/8/2014,206,228,Monrovia - Liberia
10/14/2014,11/4/2014,11/17/2014,206,227,Monrovia - Liberia
10/15/2014,12/15/2014,12/3/2014,207,268,Monrovia - Liberia
10/16/2014,11/3/2014,12/15/2014,208,226,Monrovia - Liberia
10/16/2014,11/25/2014,12/12/2014,208,248,Monrovia - Liberia
10/16/2014,11/27/2014,12/15/2014,208,250,Monrovia - Liberia
10/17/2014,1/7/2015,1/23/2015,209,291,Monrovia - Liberia
10/19/2014,12/20/2014,12/20/2014,211,273,Monrovia - Liberia
10/19/2014,1/3/2015,1/3/2015,211,287,Monrovia - Liberia
10/20/2014,12/1/2014,12/18/2014,212,254,Monrovia - Liberia
10/20/2014,12/18/2014,12/24/2014,212,271,Monrovia - Liberia
10/20/2014,12/1/2014,12/19/2014,212,254,Monrovia - Liberia
10/20/2014,12/18/2014,12/18/2014,212,271,Monrovia - Liberia
10/20/2014,11/25/2014,12/15/2014,212,248,Monrovia - Liberia
10/20/2014,11/30/2014,10/26/2014,212,253,Monrovia - Liberia
10/21/2014,12/19/2014,12/19/2014,213,272,Monrovia - Liberia
10/21/2014,11/25/2014,12/14/2014,213,248,Monrovia - Liberia
10/21/2014,12/1/2014,12/15/2014,213,254,Monrovia - Liberia
10/21/2014,11/25/2014,12/15/2014,213,248,Monrovia - Liberia
10/21/2014,11/27/2014,12/15/2014,213,250,Monrovia - Liberia
10/22/2014,12/15/2014,12/15/2014,214,268,Monrovia - Liberia
10/23/2014,12/4/2014,12/25/2014,215,257,Monrovia - Liberia
10/23/2014,12/6/2014,12/9/2014,215,259,Monrovia - Liberia
10/24/2014,12/1/2014,12/20/2014,216,254,Monrovia - Liberia
10/26/2014,12/1/2014,12/19/2014,218,254,Monrovia - Liberia
10/26/2014,12/8/2014,1/2/2015,218,261,Monrovia - Liberia
10/29/2014,12/10/2014,12/6/2014,221,263,Monrovia - Liberia
10/29/2014,1/2/2015,1/27/2015,221,286,Monrovia - Liberia
10/30/2014,11/23/2014,11/25/2014,222,246,Monrovia - Liberia
10/31/2014,12/5/2014,12/26/2014,223,258,Monrovia - Liberia
11/1/2014,1/1/2015,1/5/2015,224,285,Monrovia - Liberia
11/3/2014,1/1/2015,1/27/2015,226,285,Monrovia - Liberia
11/5/2014,11/26/2014,11/29/2014,228,249,Monrovia - Liberia
11/6/2014,12/22/2014,12/22/2014,229,275,Monrovia - Liberia
11/7/2014,1/27/2015,1/27/2015,230,311,Monrovia - Liberia
11/8/2014,11/22/2014,11/22/2014,231,245,Monrovia - Liberia
11/10/2014,1/2/2015,11/28/2014,233,286,Monrovia - Liberia
11/11/2014,12/16/2014,1/5/2015,234,269,Monrovia - Liberia
11/11/2014,12/21/2014,12/23/2014,234,274,Monrovia - Liberia
11/11/2014,1/2/2015,1/12/2015,234,286,Monrovia - Liberia
11/12/2014,12/8/2014,12/9/2014,235,261,Monrovia - Liberia
11/14/2014,12/5/2014,12/4/2014,237,258,Monrovia - Liberia
11/15/2014,1/2/2015,1/12/2015,238,286,Monrovia - Liberia
11/17/2014,1/2/2015,1/15/2015,240,286,Monrovia - Liberia
11/17/2014,1/2/2015,1/12/2015,240,286,Monrovia - Liberia
11/17/2014,1/2/2015,1/15/2015,240,286,Monrovia - Liberia
11/17/2014,1/2/2015,1/12/2015,240,286,Monrovia - Liberia
11/17/2014,1/5/2015,1/6/2015,240,289,Monrovia - Liberia
11/17/2014,1/2/2015,1/12/2015,240,286,Monrovia - Liberia
11/17/2014,12/4/2014,12/26/2014,240,257,Monrovia - Liberia
11/17/2014,1/2/2015,1/23/2015,240,286,Monrovia - Liberia
11/18/2014,2/23/2015,2/23/2015,241,338,Monrovia - Liberia
11/19/2014,1/12/2015,1/12/2015,242,296,Monrovia - Liberia
11/20/2014,1/30/2015,1/30/2015,243,314,Monrovia - Liberia
11/20/2014,1/22/2015,2/13/2015,243,306,Monrovia - Liberia
11/21/2014,1/9/2015,1/9/2015,244,293,Monrovia - Liberia
11/21/2014,1/23/2015,2/13/2015,244,307,Monrovia - Liberia
11/21/2014,1/1/2015,1/19/2015,244,285,Monrovia - Liberia
11/22/2014,1/3/2015,12/4/2014,245,287,Monrovia - Liberia
11/24/2014,1/24/2015,12/18/2014,247,308,Monrovia - Liberia
11/26/2014,1/19/2015,2/3/2015,249,303,Monrovia - Liberia
11/28/2014,12/23/2014,12/23/2014,251,276,Monrovia - Liberia
11/28/2014,1/5/2015,1/27/2015,251,289,Monrovia - Liberia
11/30/2014,1/12/2015,2/2/2015,253,296,Monrovia - Liberia
11/30/2014,1/18/2015,12/17/2014,253,302,Monrovia - Liberia
12/1/2014,1/27/2015,1/27/2015,254,311,Monrovia - Liberia
12/1/2014,12/16/2014,12/16/2014,254,269,Monrovia - Liberia
12/3/2014,2/2/2015,2/16/2015,256,317,Monrovia - Liberia
12/4/2014,1/9/2015,1/30/2015,257,293,Monrovia - Liberia
12/4/2014,1/2/2015,1/21/2015,257,286,Monrovia - Liberia
12/4/2014,1/3/2015,1/27/2015,257,287,Monrovia - Liberia
12/5/2014,1/6/2015,1/6/2015,258,290,Monrovia - Liberia
12/5/2014,2/4/2015,2/4/2015,258,319,Monrovia - Liberia
12/5/2014,1/3/2015,2/2/2015,258,287,Monrovia - Liberia
12/5/2014,2/2/2015,2/13/2015,258,317,Monrovia - Liberia
12/5/2014,2/3/2015,2/3/2015,258,318,Monrovia - Liberia
12/12/2014,12/23/2014,12/23/2014,265,276,Monrovia - Liberia
12/12/2014,1/26/2015,2/13/2015,265,310,Monrovia - Liberia
12/12/2014,1/26/2015,2/9/2015,265,310,Monrovia - Liberia
12/13/2014,1/22/2015,2/9/2015,266,306,Monrovia - Liberia
12/15/2014,2/13/2015,1/27/2015,268,328,Monrovia - Liberia
12/15/2014,2/1/2015,2/16/2015,268,316,Monrovia - Liberia
12/15/2014,3/3/2015,,268,346,Monrovia - Liberia
12/16/2014,2/16/2015,3/6/2015,269,331,Monrovia - Liberia
12/16/2014,1/27/2015,2/14/2015,269,311,Monrovia - Liberia
12/16/2014,3/3/2015,,269,346,Monrovia - Liberia
12/17/2014,2/13/2015,2/13/2015,270,328,Monrovia - Liberia
12/17/2014,3/9/2015,3/9/2015,270,352,Monrovia - Liberia
12/17/2014,3/9/2015,3/9/2015,270,352,Monrovia - Liberia
12/17/2014,3/23/2015,3/23/2015,270,366,Monrovia - Liberia
12/17/2014,1/30/2015,12/31/2014,270,314,Monrovia - Liberia
12/18/2014,1/18/2015,2/6/2015,271,302,Monrovia - Liberia
12/18/2014,3/2/2015,,271,345,Monrovia - Liberia
12/19/2014,1/24/2015,2/18/2015,272,308,Monrovia - Liberia
12/19/2014,1/9/2015,1/9/2015,272,293,Monrovia - Liberia
12/19/2014,1/23/2015,2/6/2015,272,307,Monrovia - Liberia
12/24/2014,2/9/2015,3/2/2015,277,324,Monrovia - Liberia
12/25/2014,2/1/2015,2/20/2015,278,316,Monrovia - Liberia
12/26/2014,2/6/2015,2/6/2015,279,321,Monrovia - Liberia
12/26/2014,2/10/2015,2/10/2015,279,325,Monrovia - Liberia
12/29/2014,3/3/2015,,282,346,Monrovia - Liberia
12/29/2014,2/28/2015,2/23/2015,282,343,Monrovia - Liberia
12/29/2014,3/3/2015,,282,346,Monrovia - Liberia
12/29/2014,2/16/2015,2/16/2015,282,331,Monrovia - Liberia
1/1/2015,2/1/2015,2/20/2015,285,316,Monrovia - Liberia
1/1/2015,2/10/2015,3/2/2015,285,325,Monrovia - Liberia
1/3/2015,3/6/2015,2/10/2015,287,349,Monrovia - Liberia
1/3/2015,3/4/2015,,287,347,Monrovia - Liberia
1/5/2015,2/16/2015,3/9/2015,289,331,Monrovia - Liberia
1/5/2015,3/4/2015,3/4/2015,289,347,Monrovia - Liberia
1/7/2015,3/7/2015,,291,350,Monrovia - Liberia
1/9/2015,2/18/2015,,293,333,Monrovia - Liberia
1/9/2015,2/6/2015,2/6/2015,293,321,Monrovia - Liberia
1/12/2015,3/2/2015,,296,345,Monrovia - Liberia
1/12/2015,4/15/2015,,296,389,Monrovia - Liberia
1/12/2015,2/27/2015,3/9/2015,296,342,Monrovia - Liberia
1/12/2015,3/25/2015,,296,368,Monrovia - Liberia
1/14/2015,3/15/2015,,298,358,Monrovia - Liberia
1/14/2015,2/28/2015,,298,343,Monrovia - Liberia
1/15/2015,3/3/2015,,299,346,Monrovia - Liberia
1/19/2015,3/18/2015,,303,361,Monrovia - Liberia
1/19/2015,3/18/2015,,303,361,Monrovia - Liberia
1/20/2015,3/19/2015,,304,362,Monrovia - Liberia
1/20/2015,3/18/2015,,304,361,Monrovia - Liberia
1/23/2015,3/16/2015,,307,359,Monrovia - Liberia
1/26/2015,4/10/2015,,310,384,Monrovia - Liberia
1/26/2015,4/25/2015,,310,399,Monrovia - Liberia
1/26/2015,2/15/2015,2/15/2015,310,330,Monrovia - Liberia
1/27/2015,3/10/2015,,311,353,Monrovia - Liberia
1/28/2015,4/10/2015,,312,384,Monrovia - Liberia
1/29/2015,3/27/2015,,313,370,Monrovia - Liberia
2/1/2015,4/14/2015,,316,388,Monrovia - Liberia
2/2/2015,4/7/2015,,317,381,Monrovia - Liberia
2/6/2015,3/29/2015,,321,372,Monrovia - Liberia
2/6/2015,4/6/2015,,321,380,Monrovia - Liberia
2/17/2015,4/17/2015,,332,391,Monrovia - Liberia
2/18/2015,4/30/2015,,333,404,Monrovia - Liberia
2/20/2015,4/16/2015,,335,390,Monrovia - Liberia
2/23/2015,4/23/2015,,338,397,Monrovia - Liberia
5/1/2014,6/10/2014,6/10/2014,40,80,Bo - Sierra Leone
5/1/2014,9/17/2014,9/17/2014,40,179,Bo - Sierra Leone
5/5/2014,2/7/2015,10/27/2014,44,322,Bo - Sierra Leone
5/6/2014,2/6/2015,8/10/2014,45,321,Bo - Sierra Leone
5/7/2014,11/7/2014,11/7/2014,46,230,Bo - Sierra Leone
5/9/2014,2/9/2015,10/15/2014,48,324,Bo - Sierra Leone
5/13/2014,2/13/2015,10/27/2014,52,328,Bo - Sierra Leone
5/28/2014,7/15/2014,7/15/2014,67,115,Kailahun - Sierra Leone
6/2/2014,9/23/2014,9/23/2014,72,185,Bo - Sierra Leone
6/3/2014,7/12/2014,7/12/2014,73,112,Kailahun - Sierra Leone
6/3/2014,7/20/2014,7/20/2014,73,120,Kailahun - Sierra Leone
6/6/2014,8/7/2014,8/7/2014,76,138,Kailahun - Sierra Leone
6/6/2014,3/5/2015,7/17/2014,76,348,Bo - Sierra Leone
6/8/2014,7/25/2014,6/30/2014,78,125,Kailahun - Sierra Leone
6/9/2014,8/13/2014,8/13/2014,79,144,Freetown - Sierra Leone
6/9/2014,7/24/2014,7/24/2014,79,124,Kailahun - Sierra Leone
6/11/2014,7/15/2014,7/15/2014,81,115,Kailahun - Sierra Leone
6/14/2014,8/20/2014,8/20/2014,84,151,Kailahun - Sierra Leone
6/16/2014,8/5/2014,8/5/2014,86,136,Bo - Sierra Leone
6/17/2014,3/17/2015,11/9/2014,87,360,Bo - Sierra Leone
6/18/2014,7/20/2014,8/9/2014,88,120,Kailahun - Sierra Leone
6/18/2014,7/7/2014,7/8/2014,88,107,Bo - Sierra Leone
6/20/2014,7/15/2014,7/15/2014,90,115,Bo - Sierra Leone
6/21/2014,7/25/2014,7/25/2014,91,125,Kailahun - Sierra Leone
6/23/2014,8/18/2014,8/18/2014,93,149,Kailahun - Sierra Leone
6/25/2014,8/18/2014,8/18/2014,95,149,Kailahun - Sierra Leone
6/30/2014,7/30/2014,7/30/2014,100,130,Kailahun - Sierra Leone
6/30/2014,8/20/2014,8/20/2014,100,151,Kailahun - Sierra Leone
6/30/2014,9/7/2014,9/7/2014,100,169,Bo - Sierra Leone
6/30/2014,3/30/2015,11/2/2014,100,373,Bo - Sierra Leone
6/30/2014,9/2/2014,9/2/2014,100,164,Kailahun - Sierra Leone
7/1/2014,7/25/2014,7/25/2014,101,125,Kailahun - Sierra Leone
7/1/2014,1/20/2015,11/2/2014,101,304,Bo - Sierra Leone
7/1/2014,7/30/2014,7/4/2014,101,130,Kailahun - Sierra Leone
7/7/2014,9/7/2014,9/7/2014,107,169,Bo - Sierra Leone
7/10/2014,9/15/2014,9/15/2014,110,177,Freetown - Sierra Leone
7/10/2014,9/23/2014,9/15/2014,110,185,Kailahun - Sierra Leone
7/11/2014,9/27/2014,9/27/2014,111,189,Kailahun - Sierra Leone
7/11/2014,9/26/2014,9/26/2014,111,188,Bo - Sierra Leone
7/14/2014,9/15/2014,9/7/2014,114,177,Kailahun - Sierra Leone
7/16/2014,9/6/2014,9/6/2014,116,168,Kailahun - Sierra Leone
7/17/2014,10/16/2014,10/16/2014,117,208,Kailahun - Sierra Leone
7/19/2014,10/8/2014,10/8/2014,119,200,Kailahun - Sierra Leone
7/21/2014,9/8/2014,9/8/2014,121,170,Bo - Sierra Leone
7/21/2014,9/17/2014,9/15/2014,121,179,Kailahun - Sierra Leone
7/21/2014,10/8/2014,10/8/2014,121,200,Kailahun - Sierra Leone
7/21/2014,9/21/2014,9/15/2014,121,183,Kailahun - Sierra Leone
7/21/2014,9/17/2014,9/15/2014,121,179,Kailahun - Sierra Leone
7/22/2014,9/15/2014,9/15/2014,122,177,Bo - Sierra Leone
7/23/2014,9/17/2014,9/28/2014,123,179,Bo - Sierra Leone
7/23/2014,8/2/2014,8/7/2014,123,133,Bo - Sierra Leone
7/25/2014,10/21/2014,10/21/2014,125,213,Kailahun - Sierra Leone
7/28/2014,9/28/2014,9/28/2014,128,190,Kailahun - Sierra Leone
7/28/2014,8/20/2014,8/21/2014,128,151,Bo - Sierra Leone
7/29/2014,9/26/2014,9/26/2014,129,188,Kailahun - Sierra Leone
7/30/2014,9/15/2014,9/15/2014,130,177,Kailahun - Sierra Leone
8/1/2014,8/23/2014,8/23/2014,132,154,Kailahun - Sierra Leone
8/1/2014,8/22/2014,9/4/2014,132,153,Kenema - Sierra Leone
8/4/2014,11/2/2014,11/2/2014,135,225,Bo - Sierra Leone
8/4/2014,9/5/2014,9/5/2014,135,167,Kailahun - Sierra Leone
8/4/2014,8/21/2014,8/21/2014,135,152,Freetown - Sierra Leone
8/4/2014,10/19/2014,10/19/2014,135,211,Kailahun - Sierra Leone
8/5/2014,10/8/2014,10/8/2014,136,200,Kailahun - Sierra Leone
8/6/2014,8/27/2014,8/29/2014,137,158,Freetown - Sierra Leone
8/6/2014,8/22/2014,8/22/2014,137,153,Kailahun - Sierra Leone
8/7/2014,10/7/2014,8/31/2014,138,199,Freetown - Sierra Leone
8/8/2014,9/13/2014,9/13/2014,139,175,Kailahun - Sierra Leone
8/9/2014,10/8/2014,10/8/2014,140,200,Kailahun - Sierra Leone
8/11/2014,9/15/2014,9/22/2014,142,177,Kailahun - Sierra Leone
8/11/2014,2/6/2015,11/23/2014,142,321,Bo - Sierra Leone
8/11/2014,9/20/2014,9/20/2014,142,182,Freetown - Sierra Leone
8/13/2014,10/12/2014,9/6/2014,144,204,Bo - Sierra Leone
8/13/2014,11/3/2014,11/3/2014,144,226,Freetown - Sierra Leone
8/14/2014,10/19/2014,10/19/2014,145,211,Bo - Sierra Leone
8/14/2014,10/26/2014,10/26/2014,145,218,Bo - Sierra Leone
8/17/2014,10/19/2014,10/19/2014,148,211,Kailahun - Sierra Leone
8/18/2014,10/26/2014,10/26/2014,149,218,Bo - Sierra Leone
8/18/2014,11/24/2014,11/24/2014,149,247,Kailahun - Sierra Leone
8/18/2014,10/26/2014,10/26/2014,149,218,Bo - Sierra Leone
8/18/2014,10/20/2014,10/20/2014,149,212,Bo - Sierra Leone
8/18/2014,2/17/2015,11/24/2014,149,332,Bo - Sierra Leone
8/24/2014,9/20/2014,9/20/2014,155,182,Freetown - Sierra Leone
8/24/2014,12/17/2014,12/17/2014,155,270,Bo - Sierra Leone
8/24/2014,2/24/2015,11/24/2014,155,339,Bo - Sierra Leone
8/26/2014,11/26/2014,11/26/2014,157,249,Bo - Sierra Leone
8/27/2014,11/10/2014,11/10/2014,158,233,Bo - Sierra Leone
8/28/2014,10/24/2014,10/24/2014,159,216,Bo - Sierra Leone
8/28/2014,10/18/2014,10/18/2014,159,210,Kailahun - Sierra Leone
8/29/2014,11/29/2014,11/29/2014,160,252,Kailahun - Sierra Leone
8/31/2014,11/30/2014,11/30/2014,162,253,Freetown - Sierra Leone
9/1/2014,11/16/2014,11/16/2014,163,239,Kailahun - Sierra Leone
9/1/2014,9/10/2014,9/10/2014,163,172,Freetown - Sierra Leone
9/1/2014,10/26/2014,10/26/2014,163,218,Kailahun - Sierra Leone
9/2/2014,10/26/2014,10/26/2014,164,218,Kailahun - Sierra Leone
9/3/2014,10/28/2014,10/28/2014,165,220,Kailahun - Sierra Leone
9/4/2014,11/4/2014,10/29/2014,166,227,Bo - Sierra Leone
9/4/2014,10/4/2014,10/4/2014,166,196,Kailahun - Sierra Leone
9/4/2014,11/17/2014,11/17/2014,166,240,Bo - Sierra Leone
9/5/2014,11/17/2014,11/17/2014,167,240,Bo - Sierra Leone
9/5/2014,9/30/2014,10/26/2014,167,192,Kailahun - Sierra Leone
9/6/2014,10/29/2014,10/29/2014,168,221,Bo - Sierra Leone
9/6/2014,11/27/2014,11/27/2014,168,250,Bo - Sierra Leone
9/7/2014,11/5/2014,11/5/2014,169,228,Bo - Sierra Leone
9/7/2014,11/6/2014,11/6/2014,169,229,Kailahun - Sierra Leone
9/7/2014,10/7/2014,10/6/2014,169,199,Kailahun - Sierra Leone
9/7/2014,11/24/2014,11/24/2014,169,247,Freetown - Sierra Leone
9/7/2014,11/12/2014,11/12/2014,169,235,Freetown - Sierra Leone
9/7/2014,9/25/2014,9/25/2014,169,187,Freetown - Sierra Leone
9/7/2014,11/2/2014,11/2/2014,169,225,Bo - Sierra Leone
9/8/2014,10/23/2014,11/13/2014,170,215,Kailahun - Sierra Leone
9/8/2014,11/2/2014,11/2/2014,170,225,Bo - Sierra Leone
9/9/2014,10/13/2014,10/17/2014,171,205,Freetown - Sierra Leone
9/9/2014,11/24/2014,11/24/2014,171,247,Bo - Sierra Leone
9/9/2014,11/24/2014,11/24/2014,171,247,Bo - Sierra Leone
9/9/2014,11/12/2014,11/12/2014,171,235,Kailahun - Sierra Leone
9/11/2014,12/7/2014,12/7/2014,173,260,Freetown - Sierra Leone
9/12/2014,10/17/2014,10/10/2014,174,209,Bo - Sierra Leone
9/12/2014,12/21/2014,12/21/2014,174,274,Bo - Sierra Leone
9/14/2014,10/14/2014,9/30/2014,176,206,Kailahun - Sierra Leone
9/14/2014,11/13/2014,11/13/2014,176,236,Bo - Sierra Leone
9/15/2014,11/14/2014,11/14/2014,177,237,Kailahun - Sierra Leone
9/15/2014,11/3/2014,11/3/2014,177,226,Kailahun - Sierra Leone
9/15/2014,12/5/2014,12/5/2014,177,258,Kailahun - Sierra Leone
9/15/2014,11/16/2014,11/16/2014,177,239,Freetown - Sierra Leone
9/15/2014,11/4/2014,11/4/2014,177,227,Kailahun - Sierra Leone
9/16/2014,11/1/2014,11/1/2014,178,224,Bo - Sierra Leone
9/16/2014,12/8/2014,12/8/2014,178,261,Bo - Sierra Leone
9/16/2014,12/8/2014,12/8/2014,178,261,Kailahun - Sierra Leone
9/17/2014,11/13/2014,11/13/2014,179,236,Bo - Sierra Leone
9/20/2014,11/20/2014,11/16/2014,182,243,Freetown - Sierra Leone
9/21/2014,11/24/2014,11/24/2014,183,247,Bo - Sierra Leone
9/21/2014,11/16/2014,11/16/2014,183,239,Bo - Sierra Leone
9/21/2014,12/8/2014,12/8/2014,183,261,Kailahun - Sierra Leone
9/24/2014,12/2/2014,12/2/2014,186,255,Bo - Sierra Leone
9/25/2014,10/11/2014,10/13/2014,187,203,Freetown - Sierra Leone
9/26/2014,11/15/2014,10/5/2014,188,238,Freetown - Sierra Leone
9/27/2014,11/1/2014,11/25/2014,189,224,Bo - Sierra Leone
9/28/2014,11/13/2014,11/13/2014,190,236,Kailahun - Sierra Leone
9/28/2014,12/21/2014,12/21/2014,190,274,Bo - Sierra Leone
9/28/2014,12/5/2014,12/5/2014,190,258,Kailahun - Sierra Leone
9/29/2014,10/17/2014,11/17/2014,191,209,Kailahun - Sierra Leone
9/30/2014,12/21/2014,12/21/2014,192,274,Bo - Sierra Leone
9/30/2014,11/24/2014,11/24/2014,192,247,Freetown - Sierra Leone
9/30/2014,12/29/2014,11/16/2014,192,282,Bo - Sierra Leone
10/1/2014,12/29/2014,11/2/2014,193,282,Bo - Sierra Leone
10/2/2014,11/24/2014,11/24/2014,194,247,Bo - Sierra Leone
10/3/2014,11/30/2014,11/30/2014,195,253,Bo - Sierra Leone
10/4/2014,12/5/2014,12/5/2014,196,258,Bo - Sierra Leone
10/5/2014,10/15/2014,10/15/2014,197,207,Freetown - Sierra Leone
10/5/2014,12/3/2014,12/3/2014,197,256,Freetown - Sierra Leone
10/5/2014,11/23/2014,11/23/2014,197,246,Bo - Sierra Leone
10/5/2014,12/8/2014,12/8/2014,197,261,Bo - Sierra Leone
10/6/2014,12/13/2014,12/13/2014,198,266,Bo - Sierra Leone
10/6/2014,12/5/2014,12/21/2014,198,258,Freetown - Sierra Leone
10/7/2014,12/7/2014,12/7/2014,199,260,Freetown - Sierra Leone
10/7/2014,11/5/2014,11/5/2014,199,228,Bo - Sierra Leone
10/8/2014,10/15/2014,10/13/2014,200,207,Freetown - Sierra Leone
10/9/2014,12/26/2014,10/23/2014,201,279,Bo - Sierra Leone
10/10/2014,12/24/2014,12/24/2014,202,277,Bo - Sierra Leone
10/10/2014,12/17/2014,12/17/2014,202,270,Bo - Sierra Leone
10/10/2014,11/30/2014,11/12/2014,202,253,Freetown - Sierra Leone
10/11/2014,11/4/2014,11/3/2014,203,227,Freetown - Sierra Leone
10/12/2014,12/5/2014,12/5/2014,204,258,Bo - Sierra Leone
10/12/2014,12/31/2014,12/31/2014,204,284,Freetown - Sierra Leone
10/12/2014,12/3/2014,12/3/2014,204,256,Bo - Sierra Leone
10/13/2014,12/8/2014,12/8/2014,205,261,Bo - Sierra Leone
10/13/2014,12/13/2014,10/28/2014,205,266,Bo - Sierra Leone
10/14/2014,1/7/2015,1/7/2015,206,291,Bo - Sierra Leone
10/15/2014,10/26/2014,10/27/2014,207,218,Freetown - Sierra Leone
10/17/2014,11/12/2014,11/24/2014,209,235,Bo - Sierra Leone
10/18/2014,12/14/2014,12/14/2014,210,267,Bo - Sierra Leone
10/18/2014,1/14/2015,1/14/2015,210,298,Freetown - Sierra Leone
10/21/2014,1/7/2015,1/11/2015,213,291,Bo - Sierra Leone
10/22/2014,1/1/2015,1/11/2015,214,285,Bo - Sierra Leone
10/23/2014,1/11/2015,1/11/2015,215,295,Bo - Sierra Leone
10/23/2014,1/23/2015,11/23/2014,215,307,Freetown - Sierra Leone
10/23/2014,1/11/2015,1/11/2015,215,295,Freetown - Sierra Leone
10/24/2014,11/16/2014,11/17/2014,216,239,Freetown - Sierra Leone
10/25/2014,11/24/2014,12/14/2014,217,247,Bo - Sierra Leone
10/31/2014,12/1/2014,12/2/2014,223,254,Freetown - Sierra Leone
11/1/2014,1/12/2015,1/12/2015,224,296,Bo - Sierra Leone
11/1/2014,1/7/2015,1/7/2015,224,291,Bo - Sierra Leone
11/2/2014,12/7/2014,12/3/2014,225,260,Bo - Sierra Leone
11/3/2014,12/29/2014,1/7/2015,226,282,Bo - Sierra Leone
11/3/2014,2/4/2015,2/4/2015,226,319,Bo - Sierra Leone
11/4/2014,1/3/2015,1/3/2015,227,287,Freetown - Sierra Leone
11/4/2014,12/21/2014,1/11/2015,227,274,Freetown - Sierra Leone
11/5/2014,12/17/2014,1/11/2015,228,270,Bo - Sierra Leone
11/11/2014,2/9/2015,2/9/2015,234,324,Freetown - Sierra Leone
11/11/2014,12/31/2014,12/31/2014,234,284,Bo - Sierra Leone
11/12/2014,3/8/2015,3/8/2015,235,351,Bo - Sierra Leone
11/12/2014,11/19/2014,11/19/2014,235,242,Freetown - Sierra Leone
11/17/2014,1/2/2015,1/21/2015,240,286,Freetown - Sierra Leone
11/18/2014,1/11/2015,1/11/2015,241,295,Bo - Sierra Leone
11/19/2014,12/31/2014,12/18/2014,242,284,Freetown - Sierra Leone
11/24/2014,3/3/2015,,247,346,Freetown - Sierra Leone